id,group,age,gender,email,views
1,,76,Male,dresdale0@mysql.com,650
2,image,48,Male,adepaepe1@dailymail.co.uk,891
3,livestream,54,Female,ajobke2@hc360.com,722
4,image,22,Female,mbonnet3@bravesites.com,608
5,article,26,Female,nmacness4@cpanel.net,152
6,image,71,Female,ablindt5@bbb.org,365
7,image,19,Male,mfortescue6@amazon.co.uk,980
8,podcast,30,,arisson7@mysql.com,450
9,image,35,Male,mturmell8@dell.com,956
10,livestream,26,Female,geat9@who.int,
11,article,74,Female,gmanklowa@bloglovin.com,520
12,podcast,64,Male,cbraksperb@usda.gov,593
13,article,67,Male,mgascardc@wired.com,517
14,image,24,Male,eiwanowiczd@toplist.cz,149
15,podcast,28,Male,cluscotte@merriam-webster.com,886
16,livestream,57,Male,shannf@miitbeian.gov.cn,752
17,video,34,Non-binary,pcallesg@abc.net.au,414
18,podcast,56,Female,tblossh@sogou.com,326
19,article,55,Male,kworsomi@prweb.com,454
20,livestream,51,Female,tmarcroftj@google.com.br,106
21,article,26,Male,locollopyk@cnbc.com,72
22,image,70,Polygender,nfennelowl@cam.ac.uk,140
23,video,72,Male,amainstonem@ebay.co.uk,923
24,podcast,28,Male,dhoxeyn@fotki.com,976
25,podcast,42,Female,cparcallo@google.com.hk,502
26,article,25,,cvogelep@economist.com,57
27,video,33,Female,gmenegoq@tiny.cc,252
28,podcast,54,Female,kdarringtonr@microsoft.com,673
29,video,46,Female,jdeacocks@yale.edu,885
30,article,71,Female,egrimbaldestont@topsy.com,
31,livestream,65,Polygender,dwatlingu@yellowbook.com,230
32,,44,Female,bvanderhoevenv@google.ru,499
33,video,69,Male,rleadbeaterw@hexun.com,984
34,livestream,30,Female,bcardenx@time.com,350
35,article,72,Female,jtripetty@arstechnica.com,603
36,podcast,44,Male,istranieriz@tumblr.com,914
37,article,18,Male,bfreshwater10@fotki.com,381
38,,72,Male,lhuey11@mac.com,28
39,podcast,40,Female,bmcgonnell12@marriott.com,345
40,image,23,Female,vconboy13@newsvine.com,
41,article,31,Female,bpowrie14@weebly.com,656
42,article,71,Male,schappel15@earthlink.net,399
43,article,41,Female,dkearney16@who.int,968
44,,76,Male,gshipcott17@mit.edu,273
45,article,75,Agender,fpavluk18@theatlantic.com,250
46,video,25,Male,acrevagh19@histats.com,648
47,article,77,Male,vozintsev1a@123-reg.co.uk,689
48,livestream,27,Female,ccordeau1b@live.com,773
49,video,16,Male,bjerosch1c@1688.com,775
50,image,43,Male,wlambertazzi1d@mac.com,390
51,podcast,43,Female,mmuckersie1e@nsw.gov.au,190
52,livestream,49,,bspriggin1f@google.ca,382
53,podcast,70,Female,dferreres1g@github.io,948
54,video,76,Male,ejosefowicz1h@wikispaces.com,59
55,article,21,Male,pconnelly1i@ustream.tv,244
56,video,52,Genderqueer,rwaison1j@google.de,565
57,podcast,43,Male,tpinnere1k@blogger.com,568
58,livestream,44,Male,jboddymead1l@ow.ly,661
59,article,57,Bigender,sbroggetti1m@creativecommons.org,466
60,image,76,Non-binary,cgrimshaw1n@ow.ly,
61,article,48,Male,lbownde1o@seattletimes.com,114
62,image,44,Male,mgriniov1p@topsy.com,260
63,image,71,Female,cstones1q@bigcartel.com,701
64,article,75,Male,tmurty1r@jimdo.com,607
65,article,77,Female,lringer1s@mit.edu,130
66,article,77,Genderqueer,jbreinl1t@mac.com,129
67,livestream,31,Male,cbeseke1u@china.com.cn,77
68,livestream,46,Male,halejandri1v@cdc.gov,562
69,livestream,80,Female,eflatman1w@usgs.gov,104
70,image,70,,mpopescu1x@nbcnews.com,582
71,article,16,Male,aoldfieldcherry1y@statcounter.com,140
72,video,43,Non-binary,ccanny1z@stanford.edu,808
73,podcast,17,Female,dugo20@blogtalkradio.com,526
74,article,49,Male,fhackley21@hostgator.com,676
75,video,76,Female,glayne22@opera.com,102
76,livestream,80,Female,omoquin23@nhs.uk,30
77,,27,Female,cwaywell24@dion.ne.jp,
78,image,21,Female,lupsale25@technorati.com,552
79,video,75,,apietroni26@upenn.edu,351
80,podcast,76,Male,gandrioletti27@accuweather.com,96
81,image,79,Male,rattiwill28@webnode.com,576
82,podcast,40,Female,paldam29@cargocollective.com,538
83,image,38,Male,mgreg2a@ebay.co.uk,503
84,livestream,54,Female,ltattersill2b@xrea.com,114
85,video,54,Male,fbarthelme2c@tripod.com,628
86,article,73,Female,proderigo2d@usnews.com,124
87,article,75,Female,pbrachell2e@networkadvertising.org,373
88,podcast,54,Male,shawick2f@nps.gov,682
89,video,42,Male,wsamper2g@soup.io,748
90,image,35,Non-binary,nspellicy2h@lycos.com,211
91,image,18,Female,ashearsby2i@sogou.com,320
92,video,19,Female,aiannuzzelli2j@cloudflare.com,227
93,image,57,Female,uchesson2k@nasa.gov,374
94,article,31,Female,tgirardetti2l@dagondesign.com,545
95,image,50,Female,jkarolewski2m@example.com,41
96,podcast,77,Female,afinden2n@flickr.com,822
97,video,19,,jrubenchik2o@aboutads.info,901
98,image,45,Genderqueer,mduthie2p@jiathis.com,642
99,article,43,Female,daldridge2q@rambler.ru,607
100,image,64,Male,tmacquarrie2r@cornell.edu,
101,image,26,,nmckissack2s@yellowpages.com,883
102,livestream,27,Male,gfonzo2t@adobe.com,744
103,video,78,Male,wburrage2u@sohu.com,981
104,video,42,Male,dhaselden2v@comsenz.com,
105,,67,Female,fweald2w@prlog.org,114
106,podcast,63,Male,lwhewell2x@dot.gov,593
107,livestream,22,Male,mandriolli2y@scientificamerican.com,912
108,podcast,64,Male,bhollingshead2z@paypal.com,70
109,video,28,Agender,ciapico30@sogou.com,112
110,livestream,34,Bigender,rvahl31@cloudflare.com,982
111,podcast,37,Male,dugoni32@360.cn,879
112,video,50,,chillburn33@yelp.com,101
113,video,62,,jkeneford34@twitpic.com,102
114,image,72,Male,lkeddy35@plala.or.jp,11
115,podcast,53,Male,mganning36@multiply.com,784
116,podcast,69,Female,kscurrah37@slashdot.org,768
117,podcast,70,Female,scoope38@cdc.gov,354
118,livestream,35,Male,hbouda39@accuweather.com,573
119,livestream,34,Male,mpiggen3a@drupal.org,797
120,podcast,53,,gmolyneaux3b@howstuffworks.com,849
121,,30,Female,sricold3c@cdc.gov,302
122,image,41,Female,inorthcott3d@seesaa.net,381
123,article,53,Female,elillicrop3e@freewebs.com,260
124,image,75,Female,acrosham3f@chronoengine.com,280
125,podcast,55,Male,jbazelle3g@issuu.com,683
126,video,16,Male,asine3h@tinypic.com,862
127,article,62,Male,vgonnel3i@t-online.de,608
128,article,31,Female,bcham3j@studiopress.com,282
129,image,61,,heastment3k@ibm.com,983
130,video,19,Bigender,cspight3l@sina.com.cn,439
131,podcast,38,Genderfluid,retchingham3m@hc360.com,964
132,livestream,34,Male,ktuther3n@xing.com,210
133,video,66,Male,mlethardy3o@census.gov,659
134,video,21,Female,gbachellier3p@google.it,66
135,livestream,55,Female,jsuermeier3q@linkedin.com,900
136,livestream,26,Female,pwindaybank3r@weather.com,499
137,video,58,,tbrave3s@chron.com,863
138,podcast,64,Female,tbrinson3t@flickr.com,980
139,livestream,60,Male,gdeandisie3u@sitemeter.com,276
140,livestream,27,Male,shischke3v@dropbox.com,359
141,podcast,20,Male,gsheerman3w@webmd.com,53
142,livestream,22,Female,adesporte3x@jugem.jp,311
143,podcast,21,Female,lguiot3y@shutterfly.com,931
144,livestream,65,Female,gfetteplace3z@patch.com,
145,article,26,Male,tbuy40@nytimes.com,299
146,video,73,Female,wmaccarrane41@hc360.com,836
147,video,60,Female,wranby42@shutterfly.com,215
148,video,28,Male,adymott43@google.es,148
149,podcast,54,Male,abrason44@nbcnews.com,572
150,article,46,Genderqueer,lrobinette45@amazon.com,215
151,image,20,Polygender,dcodi46@flickr.com,366
152,video,68,Female,chearfield47@intel.com,639
153,livestream,73,Female,rdemalchar48@mysql.com,515
154,image,74,Female,ccampion49@studiopress.com,758
155,video,53,Male,vhurll4a@hud.gov,937
156,article,70,Female,aknipe4b@vimeo.com,438
157,image,35,Female,gkidwell4c@google.com.br,745
158,livestream,56,Male,ilighton4d@dedecms.com,935
159,video,63,Female,csharrem4e@constantcontact.com,288
160,podcast,29,Female,kchislett4f@wiley.com,981
161,podcast,41,Male,cbradbrook4g@craigslist.org,617
162,video,79,Male,sgazzard4h@oakley.com,982
163,livestream,34,Female,cmaffin4i@nytimes.com,55
164,article,47,Male,npopworth4j@huffingtonpost.com,816
165,image,31,Male,rdury4k@networksolutions.com,116
166,article,43,Bigender,gkippin4l@umn.edu,463
167,image,25,,bveryard4m@facebook.com,942
168,,50,Bigender,ebleasdale4n@zdnet.com,502
169,article,68,Female,cmccurry4o@tinypic.com,377
170,article,58,Bigender,clochrie4p@goo.ne.jp,113
171,image,62,Male,mbausor4q@sogou.com,693
172,video,26,Female,cpabel4r@tamu.edu,887
173,video,73,Female,tfaber4s@youtube.com,557
174,image,80,Female,marnecke4t@friendfeed.com,484
175,video,38,Male,knund4u@uiuc.edu,736
176,video,80,Female,kpoundsford4v@timesonline.co.uk,0
177,article,70,Male,credington4w@sbwire.com,389
178,livestream,18,Female,jcrucitti4x@toplist.cz,
179,image,21,Male,tsweetman4y@fema.gov,381
180,image,56,Male,cgatty4z@comsenz.com,
181,livestream,61,Female,gtitchmarsh50@tiny.cc,807
182,article,33,Male,fmobberley51@harvard.edu,63
183,livestream,45,Male,lrobertis52@wikia.com,413
184,livestream,16,Female,rfransinelli53@eventbrite.com,363
185,video,29,Male,mclawson54@amazon.com,295
186,video,17,Polygender,neunson55@va.gov,
187,podcast,65,Female,acaulier56@mozilla.org,297
188,video,56,Male,dmarskell57@yolasite.com,
189,image,55,,bgoodram58@yellowbook.com,677
190,article,35,Male,mfer59@live.com,
191,article,34,Male,pdron5a@networksolutions.com,662
192,video,77,Female,jwadman5b@dedecms.com,303
193,livestream,46,Female,kferruzzi5c@163.com,827
194,article,76,Agender,bnorcross5d@squarespace.com,311
195,livestream,59,Male,pcalliss5e@paginegialle.it,675
196,image,59,Agender,rwenban5f@illinois.edu,697
197,livestream,35,Female,jleaburn5g@uiuc.edu,82
198,livestream,32,Male,cbertomier5h@dailymotion.com,530
199,video,79,Female,mmillhouse5i@oakley.com,664
200,video,77,Female,chuxley5j@vkontakte.ru,652
